regno,name,female
2538,高橋二朗,
2878,富山弘幸,
3024,西島義則,
3054,北川幸典,
3070,山室展弘,
3072,西田靖,
3075,中村裕将,
3081,岡本慎治,
3105,内山文典,
3107,平岡重典,
3156,金子良昭,
3158,島川光男,
3159,江口晃生,
3161,古場輝義,
3175,渡辺千草,1
3176,長谷川巌,
3202,三品隆浩,
3207,田村美和,1
3211,北川敏弘,
3212,亀本勇樹,
3224,栗山繁洋,
3226,浦田信義,
3232,山川美由紀,1
3233,小畑実成,
3246,星野政彦,
3251,平石和男,
3256,三角哲男,
3257,田頭実,
3265,今村暢孝,
3268,森竜也,
3277,齋藤勇,
3282,池本輝明,
3284,渡邊伸太郎,
3286,坂東満,
3289,高橋淳美,1
3293,宮内由紀英,
3294,野中義生,
3297,藤丸光一,
3300,川崎智幸,
3302,谷川里江,1
3303,渡辺豊,
3304,烏野賢太,
3305,小野信樹,
3306,武田正紀,
3313,本吉正樹,
3315,広瀬聖仁,
3319,山崎義明,
3327,野長瀬正孝,
3333,丸尾義孝,
3334,角ひとみ,1
3339,泉具巳,
3340,池田雷太,
3346,宮本裕之,
3349,吉田一郎,
3350,藤本佳史,
3352,小川晃司,
3353,前田光昭,
3355,橋谷田佳織,1
3357,福島陽子,1
3361,岡部浩,
3362,間嶋仁志,
3370,坪内実,
3372,加藤雅之,
3377,塚田修二,
3381,滝沢芳行,
3385,渡邉睦広,
3388,今垣光太郎,
3391,鈴木茂正,
3392,小森信雄,
3401,上田隆章,
3406,中里英夫,
3411,池上隆行,
3412,鈴木博,
3414,加瀬智宏,
3415,松井繁,
3419,栗原謙治,
3422,服部幸男,
3430,角浜修,
3432,宮迫暢彦,
3434,松尾宣邦,
3435,寺田千恵,1
3436,柏野幸二,
3439,大平誉史明,
3441,土屋太朗,
3442,宮武英司,
3444,香月大介,
3445,加藤高史,
3448,高山秀雄,
3454,井川大作,
3455,谷本幸司,
3458,東健介,
3459,中野和裕,
3461,渡邊哲也,
3463,乙津康志,
3467,森弘行,
3470,新田芳美,1
3471,赤峰和也,
3473,石川真二,
3474,松瀬弘美,1
3475,橋本久和,
3477,近藤稔也,
3478,嶋田貴支,
3482,金子猛志,
3484,芝田浩治,
3489,大場敏,
3497,後藤浩,
3499,市川哲也,
3502,渡邉英児,
3503,堂原洋史,
3505,山田竜一,
3507,藤井徹,
3508,久富政弘,
3509,池千夏,1
3514,山一鉄也,
3516,吉原聖人,
3517,高橋勲,
3518,倉田郁美,1
3519,冨田秀幸,
3523,寳田亮治,
3527,中嶋誠一郎,
3528,笠野友紀恵,1
3532,柴田光,
3535,渡修平,
3538,菊池峰晴,
3539,金子順一,
3541,三嶌誠司,
3542,清水紀克,
3543,福田雅一,
3544,豊田訓靖,
3546,中里昌志,
3548,室田泰史,
3550,都築正治,
3551,藤田美代,1
3554,仲口博崇,
3556,田中信一郎,
3557,太田和美,
3558,山本浩次,
3562,山下和彦,
3563,堤昇,
3564,桑原啓,
3566,川添英正,
3567,吉岡誠,
3568,木村光宏,
3569,増田進,
3572,安田政彦,
3574,大神康司,
3576,白水勝也,
3577,向所浩二,
3578,塩田雄一,
3579,中里優子,1
3580,水口由紀,1
3581,加木郁,
3582,吉川昭男,
3583,齋藤智裕,
3584,佐々木英樹,
3587,武田信一,
3589,西村勝,
3590,濱野谷憲吾,
3591,後藤孝義,
3596,河上年昭,
3600,玄馬徹,
3602,奥平拓也,
3604,武藤綾子,1
3605,中村守成,
3606,川北浩貴,
3611,岩崎芳美,
3612,馬袋義則,
3613,角谷健吾,
3614,谷勝幸,
3615,横田茂,
3616,中村真,
3617,竹田広樹,
3618,海野ゆかり,1
3619,長谷川充,
3620,信濃由行,
3621,天野晶夫,
3623,深川真二,
3627,井上恵一,
3629,浅見昌克,
3630,黒田誠司,
3631,田添康介,
3635,石田政吾,
3637,齋藤和政,
3641,一瀬明,
3642,大塚浩二,
3643,米田隆弘,
3644,矢橋成介,
3645,淺田千亜希,
3647,伊藤雄二,
3652,森下勇,
3653,品川賢次,
3654,武田光史,
3655,本橋克洋,
3656,伯母芳恒,
3659,藤生雄人,
3660,長谷川親王,
3661,柳瀬興志,
3662,大庭元明,
3663,木山和幸,
3664,鈴木賢一,
3679,飯島昌弘,
3680,森林太,
3681,山谷央,
3684,清水攻二,
3685,荒井輝年,
3686,鳥居塚孝博,
3687,花田和明,
3690,河合三弘,
3692,竹腰正樹,
3696,白井友晴,
3699,富永正人,
3701,大西隆洋,
3703,鳥飼眞,
3704,本部めぐみ,1
3708,岡部貴司,
3710,吉永泰弘,
3711,江本真治,
3712,淺香文武,
3713,伊藤誠二,
3714,梶原正,
3715,倉尾大介,
3716,石渡鉄兵,
3717,立間充宏,
3718,伊達正利,
3719,辻栄蔵,
3721,守田俊介,
3722,西村秀樹,
3726,桂林寛,
3730,塩崎優司,
3731,高濱芳久,
3736,岡本猛,
3737,上平真二,
3740,大澤普司,
3741,松尾基成,
3742,宮地秀祈,
3743,林美憲,
3744,徳増秀樹,
3745,橋本年光,
3746,岡瀬正人,
3747,國崎良春,
3748,小黒竜吾,
3752,宇土泰就,
3757,畑和宏,
3761,山本光雄,
3769,佐竹恒彦,
3771,折下寛法,
3772,一柳和孝,
3773,津留浩一郎,
3775,泉啓文,
3776,横井健太,
3777,樋口亮,
3778,安達美帆,1
3779,原田幸哉,
3783,瓜生正義,
3784,中島友和,
3787,天野誠,
3788,一宮稔弘,
3790,佐口達也,
3792,田中豪,
3793,高橋真吾,
3796,長野道臣,
3797,岩井繁,
3800,牧宏次,
3801,五反田忍,1
3804,中渡修作,
3805,高橋英之,
3807,岡部哲,
3808,秋田健太郎,
3809,吉田光,
3811,石田章央,
3812,山崎聖司,
3813,佐藤大介,
3814,金子貴志,
3820,樫葉次郎,
3822,平尾崇典,
3825,宮嵜隆太郎,
3826,村田修次,
3827,今泉徹,
3828,明石正之,
3831,安藤裕貴,
3832,下田哲也,
3833,中辻博訓,
3834,細川明人,
3837,秋山広一,
3838,伊藤啓三,
3839,川合理司,
3841,佐々木和伸,
3842,星野太郎,
3843,上之晃弘,
3845,中谷朋子,1
3848,川上聡介,
3849,中岡正彦,
3850,小川知行,
3851,森田昭彦,
3852,澤大介,
3853,岩崎正哉,
3854,吉川元浩,
3857,阿波勝哉,
3859,多羅尾達之,
3860,松本浩貴,
3863,海老澤泰行,
3866,木山誠一,
3867,松浦勝,
3868,尾形栄治,
3869,井芹大志,
3870,寺嶋雄,
3871,池田紫乃,1
3872,岡田憲行,
3873,別府昌樹,
3874,山本寛久,
3875,廣中良一,
3876,中辻崇人,
3878,胡本悟志,
3880,浅見宗孝,
3882,新田智彰,
3885,久田武,
3888,山本英志,
3889,須藤隆雄,
3891,谷口健一,
3892,草場康幸,
3893,汐崎正則,
3895,堀本裕也,
3896,上田洋平,
3897,白井英治,
3898,平田忠則,
3900,香川素子,1
3901,松田憲幸,
3902,蜷川哲平,
3904,森貴洋,
3905,天野友和,
3906,飯山晃三,
3907,村越篤,
3908,重成一人,
3909,佐々木康幸,
3910,松下知幸,
3911,鈴木猛,
3912,川原正明,
3915,繁野谷圭介,
3918,深井利寿,
3920,正木聖賢,
3921,川村正輝,
3922,菅沼佳昭,
3928,林恵祐,
3929,杢野誓良,
3930,岸本隆,
3931,黒崎竜也,
3932,池田浩美,1
3933,山地正樹,
3934,鋤柄貴俊,
3935,岩津徹郎,
3939,渡辺真至,
3940,飯山泰,
3941,池田浩二,
3942,寺田祥,
3943,三松直美,1
3944,山口裕二,
3945,橋口真樹,
3946,赤岩善生,
3947,寺本昇平,
3948,大町利克,
3949,今出晋二,
3950,石川哲秀,
3951,石川吉鎬,
3952,中澤和志,
3953,志道吉和,
3955,眞田英二,
3956,横澤剛治,
3957,大谷直弘,
3959,坪井康晴,
3960,菊地孝平,
3961,谷村一哉,
3963,原田秀弥,
3964,宮地博士,
3965,北中元樹,
3966,作間章,
3967,鈴木茂高,
3968,茶谷信次,
3973,崎利仁,
3974,深山祐二,
3975,小野寺智洋,
3976,内田圭,
3977,山本兼士,
3978,齊藤仁,
3981,今坂晃広,
3982,福田理,
3983,須藤博倫,
3984,坂口周,
3986,沖島広和,
3987,後藤正宗,
3988,古川誠之,
3989,熊本英一,
3990,芹澤克彦,
3992,関口智久,
3993,永井聖美,1
3994,小野桜,1
3995,重野哲之,
3997,北村征嗣,
3998,冨成謙児,
3999,大瀧明日香,1
4000,松本博昭,
4002,古結宏,
4003,表憲一,
4004,山本浩輔,
4006,小野勇作,
4007,榮田将彦,
4009,小林一樹,
4010,越智照浩,
4011,堀之内紀代子,1
4012,中村有裕,
4013,中島孝平,
4014,片岡恵里,1
4015,前野竜一,
4016,西川新太郎,
4017,向井美鈴,
4019,笠原亮,
4020,川上清人,
4022,待鳥雄紀,
4023,柴田友和,
4024,井口佳典,
4025,山本隆幸,
4027,松江秀徳,
4028,田村隆信,
4030,森高一真,
4031,飯島誠,
4033,伊藤将吉,
4034,西原明生,
4035,杉江浩明,
4036,金田諭,
4039,村上功祐,
4040,廣瀬将亨,
4041,小林基樹,
4042,丸岡正典,
4043,桐本康臣,
4044,湯川浩司,
4045,佐々木裕美,1
4046,谷村啓司,
4047,吉永浩則,
4049,荒川健太,
4050,田口節子,1
4051,清水敦揮,
4052,興津藍,
4053,芦澤望,
4054,福嶋智之,
4055,吉田俊彦,
4056,小西英輝,
4057,松井賢治,
4058,野末智一,
4059,入澤友治,
4060,島田一生,
4061,萩原秀人,
4062,後藤陽介,
4063,市橋卓士,
4064,原田篤志,
4065,金田幸子,1
4066,東本勝利,
4067,永井源,
4068,幸田智裕,
4069,山本修一,
4071,古賀千晶,1
4072,森永淳,
4073,大橋純一郎,
4074,柳沢一,
4075,中野次郎,
4076,杉田篤光,
4077,品田直樹,
4079,出畑孝典,
4080,山崎哲司,
4081,樋口範政,
4082,濱崎誠,
4083,福島勇樹,
4084,杉山正樹,
4085,荻野裕介,
4086,寺本重宣,
4089,妹尾忠幸,
4090,中村尊,
4092,岡部大輔,
4093,吉田宗弘,
4094,中島真二,
4095,福来剛,
4096,石橋道友,
4097,貫地谷直人,
4098,赤澤文香,1
4099,吉永則雄,
4100,松田隆司,
4102,益田啓司,
4103,山崎善庸,
4104,木下陽介,
4105,松下直也,
4106,坂井康嗣,
4108,吉村正明,
4109,谷津幸宏,
4110,小澤和也,
4111,奥田誠,
4112,大久保信一郎,
4113,木村浩士,
4114,深澤達徳,
4116,川田正人,
4117,廣中智紗衣,1
4118,宇佐見淳,
4119,泥谷一毅,
4120,柘植政浩,
4121,富永修一,
4122,安東幸治,
4123,細川裕子,1
4124,池田雄一,
4128,川口貴久,
4129,宇野博之,
4131,原豊土,
4133,高橋正男,
4134,杉山貴博,
4136,江夏満,
4137,君島秀三,
4138,中井俊祐,
4139,丹下健,
4140,梶野学志,
4142,平野和明,
4143,浦田晃嗣,
4144,石塚久也,
4145,小澤学,
4146,柳橋宏紀,
4148,枝尾賢,
4150,山田雄太,
4151,下河誉史,
4152,深水慎一郎,
4154,森安弘雅,
4155,長野壮志郎,
4156,浜野孝志,
4158,木場雄二郎,
4159,向後龍一,
4161,黒柳浩孝,
4162,竹本太樹,
4163,山崎裕司,
4164,岩永節也,
4166,吉田拡郎,
4167,片岡秀樹,
4168,石野貴之,
4169,多田有佑,
4171,榎幸司,
4172,森定晃史,
4173,岡谷健吾,
4174,赤坂俊輔,
4175,川尻泰輔,
4176,樋口喜彦,
4177,萬正嗣,
4179,広次修,
4180,上野秀和,
4181,花本夏樹,
4182,吉田和仁,
4183,宇野弥生,1
4184,渡邊雄一郎,
4186,小川時光,
4188,久田敏之,
4189,川上剛,
4190,長嶋万記,
4191,赤羽克也,
4193,郷原章平,
4195,前川守嗣,
4196,田中太一郎,
4197,渥美卓郎,
4199,北川潤二,
4200,早川尚人,
4201,佐竹友樹,
4202,浮田圭浩,
4203,小倉康典,
4204,柴田大輔,
4205,山口剛,
4207,松下一也,
4208,三浦永理,1
4209,藤田竜弘,
4210,松村康太,
4211,村田敦,
4213,重富伸也,
4214,林祐介,
4215,吉島祥之,
4216,星栄爾,
4218,吉川喜継,
4219,本岡勝利,
4220,深川和仁,
4224,大橋栄里佳,1
4225,土屋千明,1
4226,村田浩司,
4227,安達裕樹,
4228,吉田慎二郎,
4229,市川美宏,
4230,濱崎直矢,
4231,鈴木裕隆,
4232,笠雅雄,
4233,亀山雅幸,
4234,野相弘司,
4236,松村敏,
4237,大峯豊,
4238,毒島誠,
4239,竹田辰也,
4240,今井裕梨,1
4241,大串重幸,
4243,西村歩,
4244,鈴木成美,
4245,高橋直哉,
4246,喜多那由夏,1
4247,齊藤優,
4248,岡本大,
4251,川崎誠志,
4252,松下哲也,
4253,西川真人,
4254,川島圭司,
4256,渡辺浩司,
4257,古川健,
4258,関根彰人,
4259,真庭明志,
4260,中越博紀,
4261,岡祐臣,
4262,馬場貴也,
4263,武重雄介,
4264,長尾章平,
4266,長田頼宗,
4268,和合俊介,
4269,杉山裕也,
4270,岸本雄貴,
4271,川崎公靖,
4272,大場広孝,
4273,佐藤旭,
4274,長畑友輔,
4275,菅野はやか,1
4276,鈴木勝博,
4277,金田大輔,
4278,藤岡俊介,
4281,大澤大夢,
4283,石井裕美,1
4286,平田さやか,1
4287,今井貴士,
4288,永田啓二,
4289,落合直子,
4290,稲田浩二,
4292,麻生慎介,
4293,鈴木智啓,
4294,古賀繁輝,
4295,小坂尚哉,
4296,岡崎恭裕,
4297,山田哲也,
4298,宮下元胤,
4299,中島浩哉,
4300,加藤綾,1
4301,関裕也,
4302,西野翔太,
4303,牧原崇,
4304,藤崎小百合,1
4305,金子拓矢,
4306,畔柳俊吾,
4308,河村了,
4311,岡村仁,
4313,西村美智子,1
4314,青木幸太郎,
4315,山崎昂介,
4317,木村紗友希,
4318,桑原将光,
4319,三宅潤,
4320,峰竜太,
4323,山田佑樹,
4324,海野康志郎,
4325,新出浩司,
4327,加藤翔,
4329,小松卓司,
4330,奈須啓太,
4331,三好勇人,
4332,村上彰一,
4335,若林将,
4336,松田竜馬,
4337,平本真之,
4339,平瀬城啓,
4340,土性雅也,
4342,谷野錬志,
4343,村岡賢,
4344,新田雄史,
4345,西舘健,
4346,前田健太郎,
4347,魚谷香織,1
4348,宮崎奨,
4349,犬童千秋,1
4350,篠崎元志,
4351,里岡右貴,
4352,下條雄太郎,
4355,小川広大,
4356,長岡良也,
4357,田中和也,
4358,松本庸平,
4359,横川聖志,
4360,庄司孝輔,
4361,柳生泰二,
4362,土屋智則,
4363,大野芳顕,
4364,池永太,
4365,盛本真輔,
4366,前沢丈史,
4367,山口修路,
4368,山口隆史,
4369,丹下将,
4370,山口達也,
4371,西山貴浩,
4372,原田佑実,
4373,若狭奈美子,1
4374,永田義紘,
4375,照屋厚仁,
4376,藤田靖弘,
4377,濱本優一,
4379,桑島和宏,
4380,鈴木峻佑,
4381,田路朋史,
4382,高山智至,
4383,竹田吉行,
4384,鶴本崇文,
4385,鈴木祐美子,1
4387,平山智加,1
4388,是澤孝宏,
4389,伊藤喜智,
4390,松本弓雄,
4391,松田祐季,
4393,田中孝明,
4394,永嶋裕一,
4395,下河雅史,
4396,大田直弥,
4397,西村拓也,
4398,船岡洋一郎,
4399,松本晶恵,1
4400,加藤奈月,1
4401,小林泰,
4402,乙藤智史,
4403,木下大將,
4404,岸蔭亮,
4405,南野利騰,
4406,幸野史明,
4407,鹿島敏弘,
4408,仁科さやか,1
4409,坂元浩仁,
4410,井上大輔,
4411,沢田昭宏,
4413,水摩敦,
4414,大澤真菜,
4415,下出卓矢,
4416,三宅健太,
4417,服部剛,
4418,茅原悠紀,
4419,原加央理,1
4420,津久井拓也,
4421,森作広大,
4422,永井亮次,
4423,坂口貴彦,
4424,松尾昂明,
4425,大井清貴,
4427,秦英悟,
4428,有賀達也,
4429,豊田泰洋,
4430,永田秀二,
4431,石塚裕介,
4432,黄金井力良,
4433,川野芽唯,
4434,田中辰彦,
4435,服部達哉,
4436,渋谷明憲,
4437,中田元泰,
4438,森作雄大,
4439,近藤友宝,
4440,萩原知哉,
4441,末永由楽,
4442,松竹大輔,
4443,津田裕絵,1
4444,桐生順平,
4445,宮地元輝,
4446,和田兼輔,
4447,深川麻奈美,
4448,青木玄太,
4449,中嶋達也,
4450,平高奈菜,
4451,松崎祐太郎,
4452,松尾祭,
4456,鎌倉涼,
4457,神田達也,
4458,抹香雄三,
4459,片岡雅裕,
4460,後藤翔之,
4461,安田吉宏,
4462,夏山亮平,
4463,三苫晃幸,
4464,山下友貴,1
4465,大西賢,
4466,南佑典,
4467,渡邉俊介,
4468,大池佑来,
4469,土山卓也,
4470,平田健之佑,
4471,新田泰章,
4472,尾嶋一広,
4473,藤堂里香,1
4474,渡辺崇,
4475,末永祐輝,
4477,篠崎仁志,
4478,櫻本あゆみ,1
4479,矢野真梨菜,1
4482,守屋美穂,1
4483,北野輝季,
4484,稲生夏季,1
4485,楠原正剛,
4486,野村誠,
4487,三原司,
4488,小山勉,
4489,岩川仁士,
4491,田中堅,
4492,本多宏和,
4494,河合佑樹,
4495,森晋太郎,
4496,内堀学,
4497,桑原悠,
4498,宮本夏樹,
4499,滝川真由子,1
4500,山田康二,
4501,樋口由加里,1
4502,遠藤エミ,1
4503,上野真之介,
4504,前田将太,
4505,島田賢人,
4506,稗田聖也,
4508,野間大樹,
4509,平見真彦,
4510,坂本奈央,1
4511,中岡健人,
4512,高野哲史,
4513,河野真也,
4514,上條嘉嗣,
4515,藤田浩人,
4516,野口勝弘,
4518,大須賀友,
4519,清水沙樹,1
4520,高倉孝太,
4521,小池公生,
4522,古澤光紀,
4523,中村辰也,
4524,深谷知博,
4525,真子奈津実,1
4526,池田雄祐,
4527,高野心吾,
4528,黒井達矢,
4529,嶋義信,
4530,小野生奈,1
4531,武富智亮,
4532,秋元哲,
4533,峰重侑治,
4534,坂咲友理,1
4535,北山康介,
4536,喜井つかさ,1
4537,渡邉和将,
4538,笠置博之,
4539,金子賢志,
4540,相原利章,
4543,重木輝彦,
4544,松田大志郎,
4545,岡村慶太,
4546,浜田亜理沙,1
4547,中田竜太,
4548,篠木亜衣花,1
4549,小林文彦,
4550,石岡将太,
4551,三川昂暁,
4552,杉山勝匡,
4553,坪口竜也,
4555,富永大一,
4556,竹井奈美,1
4557,松尾光広,
4558,宮野仁,
4560,庄司樹良々,
4561,藤山翔大,
4562,阪本勇介,
4563,齋藤真之,
4564,山本景士郎,
4565,西村豪洋,
4566,塩田北斗,
4567,上村慎太郎,
4568,廣瀬真也,
4569,中澤宏奈,1
4570,前田聖文,
4571,菅章哉,
4572,渡部悟,
4573,佐藤翼,
4574,東潤樹,
4575,戸塚邦好,
4578,藤山雅弘,
4579,中嶋健一郎,
4580,長谷川雅和,
4581,吉村誠,
4583,古田祐貴,
4584,村岡賢人,
4586,磯部誠,
4587,木田峰由季,
4588,田中京介,
4589,塩崎桐加,1
4590,渡邉優美,1
4592,小林孝弘,
4593,小坂宗司,
4594,谷川祐一,
4596,葛原大陽,
4598,加藤政彦,
4600,井内将太郎,
4601,森野正弘,
4603,谷川将太,
4604,岩瀬裕亮,
4607,鶴田勇雄,
4608,荒井翔伍,
4610,佐藤大佑,
4611,今井美亜,
4614,石倉洋行,
4615,板倉敦史,
4618,乃村康友,
4619,伏田裕隆,
4623,中北将史,
4624,高田明,
4625,渡邊裕貴,
4626,伊藤紘章,
4627,藤原菜希,1
4630,岩永雅人,
4631,新井英孝,
4632,長尾京志郎,
4633,森智也,
4635,峰重力也,
4636,赤池修平,
4637,中田友也,
4638,小林遼太,
4639,雑賀勇貴,
4640,山ノ内雅人,
4641,磯村匠,
4642,松尾夏海,1
4643,近江翔吾,
4644,山田亮太,
4645,上村純一,
4648,木村亮太,
4649,和田操拓,
4650,中山雄太,
4651,佐藤大騎,
4652,酒見峻介,
4653,小野達哉,
4654,篠田優也,
4656,大崎翔,
4659,木下翔太,
4660,宇田川信一,
4661,中島昂章,
4663,籾山佳岳,
4664,東口晃,
4665,加藤啓太,
4666,日笠勝弘,
4669,井上茂,
4672,守屋大地,
4674,池田剛規,
4675,井手良太,
4676,後藤隼之,
4677,片橋幸貴,
4678,水野望美,1
4679,植田太一,
4680,後藤美翼,1
4681,太田潮,
4682,大上卓人,
4683,向井田直弥,
4684,楠原翔太,
4685,島村隆幸,
4686,丸野一樹,
4688,永井彪也,
4689,豊田結,1
4690,高石梨菜,1
4691,水原慎,
4692,酒井俊弘,
4693,松下誉士,
4694,高田綾,1
4695,尾崎雄二,
4697,國弘翔平,
4700,金子和之,
4702,三浦敬太,
4703,森永隆,
4704,河野大,
4705,吉川勇作,
4706,三浦洋次朗,
4708,半田尚也,
4709,岡村将也,
4710,福田宗平,
4711,前出達吉,
4713,白神優,
4714,喜多須杏奈,1
4715,村上遼,
4718,北川太一,
4719,上條暢嵩,
4720,西澤日花里,1
4723,寺島吉彦,
4724,吉田祐貴,
4725,佐竹太一,
4726,島田なぎさ,1
4727,安部慎一,
4728,山口亮,
4729,佐藤謙史朗,
4730,土屋実沙希,1
4731,間野兼礼,
4732,堀本和也,
4733,赤井睦,1
4734,安河内将,
4735,角山雄哉,
4736,高倉和士,
4737,竹井貴史,
4738,清埜翔子,1
4739,中村晃朋,
4740,齋藤達希,
4743,木村仁紀,
4744,伊藤玲奈,1
4746,大豆生田蒼,1
4747,山戸信二,
4748,渡邉雄朗,
4750,井上尚悟,
4752,西尾亮輔,
4753,森照夫,
4754,松尾充,
4756,渡邉昌成,
4757,山田祐也,
4758,富樫麗加,
4759,今泉友吾,
4760,山崎郡,
4761,山田晃大,
4762,藤原啓史朗,
4764,小池礼乃,1
4765,野田部宏子,1
4766,石井孝之,
4769,馬場剛,
4771,下寺秀和,
4772,石丸海渡,
4773,中川りな,1
4775,千葉真弥,1
4776,竹田和哉,
4778,堤啓輔,
4779,伊倉光,
4781,西舘果里,1
4782,浜崎準也,
4784,向井田真紀,1
4785,木幡純也,
4786,佐藤博亮,
4787,椎名豊,
4788,小池哲也,
4789,古賀智之,
4790,柳内敬太,
4791,黒澤めぐみ,1
4792,杉村賢也,
4793,金子萌,
4794,和田拓也,
4796,春園功太,
4797,中山将,
4798,浜先真範,
4803,飯田庄吾,
4804,高田ひかる,1
4808,松尾拓,
4809,外崎悟,
4811,向井田佑紀,
4812,西野雄貴,
4813,宮内直哉,
4815,伏島祐介,
4816,村松修二,
4817,渡邉翼,
4818,伏見俊介,
4819,蜂須瑞生,
4821,妻鳥晋也,
4822,百武翔,
4823,中村桃佳,1
4824,松井洪弥,
4825,倉持莉々,1
4826,井上一輝,
4828,松山将吾,
4831,羽野直也,
4832,権藤俊光,
4834,浜本裕己,
4835,橋本明,
4836,大谷健太,
4837,酒井陽祐,
4839,四宮与寛,
4840,鈴木秀茉,
4842,山下昂大,
4843,深尾巴恵,1
4844,村上奈穂,1
4845,前田紗希,1
4846,佐藤駿介,
4847,佐藤隆太郎,
4848,仲谷颯仁,
4850,野中一平,
4851,関浩哉,
4852,川原祐明,
4853,前原哉,
4854,大橋由珠,1
4856,豊田健士郎,
4857,加藤翔馬,
4861,田中宏樹,
4863,三浦裕貴,
4864,小川日紀太,
4865,立具敬司,
4866,橋本英一,
4871,菊池宏志,
4872,山下流心,
4873,蒲原健太,
4874,池田奈津美,1
4875,大塚康雅,
4876,梅木敬太,
4877,鈴谷一平,
4878,西岡育未,1
4879,山崎鉄平,
4880,澤崎雄哉,
4882,瀧川千依,1
4883,岡部大輝,
4884,勝浦真帆,1
4885,大山千広,1
4886,入海馨,
4887,富澤祐作,
4888,金児隆太,
4889,後藤盛也,
4890,石川諒,
4891,寺島美里,1
4892,柴田直哉,
4893,渡邉真奈美,1
4894,原村拓也,
4895,門間雄大,
4896,花本剛,
4897,深見亜由美,1
4898,菊地敬介,
4899,占部一真,
4900,中田夕貴,1
4901,出口舞有子,1
4902,山川雄大,
4903,吉田凌太朗,
4904,松本一毅,
4905,土井祥伍,
4906,鈴木雅希,
4907,小池修平,
4908,上田龍星,
4909,薮内瑞希,1
4910,中村泰平,
4911,片岡大地,
4914,吉田裕平,
4917,岩橋裕馬,
4918,川島拓郎,
4919,吉田翔悟,
4924,中北涼,1
4925,森悠稀,
4926,吉川貴仁,
4927,関野文,
4928,栗城匠,
4930,佐藤悠,
4931,木谷賢太,
4932,新開航,
4933,板橋侑我,
4934,佐々木翔斗,
4936,戸敷晃美,
4938,小芦るり華,1
4939,宮之原輝紀,
4940,白石有美,1
4941,孫崎百世,1
4942,柴田朋哉,
4943,八木治樹,
4944,田代達也,
4945,上村宏太,
4947,間庭菜摘,
4948,木場悠介,
4949,横田貴満,
4950,高岡竜也,
4951,新田洋一,
4952,吉武真也,
4953,尾上雅也,
4954,内山峻輔,
4956,齊藤大将,
4957,竹之内極,
4958,溝口海義也,
4959,井上忠政,
4960,黒野元基,
4961,西橋奈未,1
4962,畑竜生,
4963,實森美祐,1
4964,土屋南,1
4965,福岡泉水,1
4966,田川大貴,
4967,中村魁生,
4969,町田洸希,
4973,栗原直也,
4974,安井瑞紀,1
4976,金山立樹,
4977,馬野耀,
4978,山田和佐,
4979,中野夢斗,
4980,佐々木完太,
4981,牧山敦也,
4982,中村将隆,
4983,前田篤哉,
4984,森下愛梨,1
4985,井本昌也,
4987,島倉都,1
4988,牟田奨太,
4989,石原翼,
4990,田中博子,1
4991,宗行治哉,
4992,廣瀬篤哉,
4994,山本梨菜,1
4995,田邉亮蔵,
4997,濱崎寿里矢,1
4998,中村かなえ,1
5000,岡本翔太郎,
5002,上田健太,
5003,来田衣織,1
5004,河野主樹,
5005,石田貴洋,
5006,久保原秀人,
5007,近藤雄一郎,
5008,羽野諒,
5009,大賀龍之介,
5010,宇留田翔平,
5011,高木圭大,
5012,加倉侑征,
5013,山下夏鈴,1
5014,梶山涼斗,
5015,高橋竜矢,
5016,宮田龍馬,
5017,澤田尚也,
5018,竹下大樹,
5019,柴田百恵,1
5020,宮村勇哉,
5022,伊藤尚汰,
5023,久永祥平,
5026,安河内健,
5027,重冨勇哉,
5028,原田才一郎,
5029,中亮太,
5030,金子千穂,1
5031,渡辺空依,
5032,谷口知優,
5033,藤原孝斗,
5034,若林義人,
5035,櫻井優,
5036,福田翔吾,
5037,田頭虎親,
5038,金田智博,
5039,倉田茂将,
5041,荒牧凪沙,
5042,畑田汰一,
5043,中村日向,
5044,渡邉健,
5045,平川香織,
5046,松山裕基,1
5047,國分将太郎,
5048,眞鳥康太,
5049,松井友汰,
5050,木下雄介,
5051,松本純平,
5052,赤井星璃菜,1
5053,山口広樹,
5054,佐々木大河,
5055,眞鳥章太,
5056,西岡成美,1
5057,上田紗奈,1
5058,前原大道,
5060,数原魁,
5061,中村駿平,
5063,大塚雅治,
5064,品川二千翔,
5065,伊久間陽優,
5066,鈴木孝明,
5067,山田真聖,
5068,前田滉,
5069,山崎小葉音,1
5070,中島航,
5071,野見山拓己,
5072,吉田杏美,1
5073,上原健次郎,
5074,大澤誠也,
5075,中島秀治,
5076,石原光,
5077,滝沢崚,
5078,山川波乙,1
5079,大石真央,1
5081,篠原飛翔,
5082,一色凌雅,
5083,柳瀬幹太,
5084,末永和也,
5085,中村栄治,
5086,本村大,
5087,佐藤航,
5088,高憧四季,1
5089,前田翔,
5090,生方靖亜,
5091,為本智也,
5092,篠原晟弥,
5093,浦野海,
5095,小原聡将,
5096,上原崚,
5098,大江純,
5100,栗原一馬,
5101,表健太,
5102,原田雄次,
5103,芝田京介,
5104,山田丈,
5105,富田恕生,
5106,山崎祥,
5107,松本真広,
5108,柴田愛梨,1
5109,川崎智稔,
5110,杉山喜一,
5111,三村岳人,
5112,砂長知輝,
5113,黒明花夢,1
5114,小林孝彰,
5115,香川颯太,
5117,冨名腰桃奈,1
5118,野田なづき,1
5120,山本稔太朗,
5121,定松勇樹,
5122,相馬翔,
5123,福山恵里奈,1
5124,上瀧絢也,
5125,高井雄基,
5126,山下大輝,
5127,沼田大都,
5128,坪井爽佑,
5129,山口真喜子,1
5130,上野拓馬,
5131,江藤敦宏,
5132,中野希一,
5133,堀越雄貴,
5134,大原祥昌,
5135,仲航太,
5136,濱野斗馬,
5137,川原涼,
5138,村本大成,
5139,大場恒季,
5140,吉田彩乃,1
5141,大澤風葵,
5142,常住蓮,
5143,常盤海心,
5144,中尾彩香,1
5145,島川海輝,
5146,野田彩加,1
5147,田中勇輔,
5148,松本怜,1
5150,坂本雄紀,
5151,山下奈緒,1
5152,丸山祐也,
5153,佐藤ほのか,1
5154,村松栄太,
5155,内山七海,
5156,坂野さくら,1
5157,市川健太,
5158,宮脇遼太,
5160,藤森陸斗,
5161,登玉隼百,
5162,松尾怜実,1
5163,清水愛海,1
5164,森田梨湖,1
5165,小林愛実,1
5166,仲道大輔,
5167,小川竜太朗,
5169,堀本翔太,
5170,佐藤太亮,
5171,清水未唯,1
5172,田村慶,
5173,谷口佳蓮,
5174,川井萌,1
5175,島崎丈一朗,
5176,石倉拓美,
5177,松井貫太,
5178,成貞琳平,
5179,藤本元輝,
5180,藤本紗弥香,1
5181,森智哉,
5182,宮崎安奈,1
5183,中野孝二,
5184,飯塚響,1
5185,加藤優弥,
5186,遠藤圭吾,
5187,小坂風太,
5188,武井莉里佳,1
5189,藤原早菜,1
5190,大月遊雅,
5191,飛田江己,
5192,中尾優香,1
5193,米丸乃絵,1
5194,大久保佑香,1
5195,北村寧々,1
5196,鰐部太空海,
5197,中野仁照,
5198,奥村明日香,1
5199,垂水悠,
5200,筒井美琴,1
5201,村上宗太郎,
5202,宮崎つぐみ,1
5203,神里琴音,1
5204,宇恵有香,1
5205,刑部亜里紗,1
5206,梅原祥平,
5207,高山敬悟,
5208,屋良龍紀,
5209,小野京平,
5210,藤井公人,
5211,高井駿弥,
5212,西川拓利,
5213,湯淺紀香,1
5214,田中宏典,
5215,石丸小槙,1
5216,長谷川晴哉,
5217,藤原碧生,
5218,山田理央,1
5219,森口和紀,
5220,青木蓮,
5221,竹間隆晟,
5222,津田陸翔,
5223,森清友翔,
5224,西岡顕心,
5226,藤田俊祐,
5227,川原愛未,1
5228,若林樹蘭,
5229,吉川晴人,
5230,石原凪紗,1
5231,寺田空詩,1
5232,樅山拓馬,
5234,塚越海斗,
5235,岩田凌,
5236,小宮涼雅,
5237,永松良教,
5238,笹木香吾,
5239,上野俊樹,
5240,高橋龍治,
5241,門田栞,1
5242,高山弘斗,
5243,三馬崇史,
5244,黒田剛,
5245,倉富大誠,
5246,楠将太郎,
5247,大森翼,
5248,本田愛,1
5249,三木晴斗,
5250,嶋田有里,1
5251,沼田七華,1
5252,荒木颯斗,
5253,藤井太雅,
5254,羽田妃希,1
5255,藤原仙二,
5256,中山翔太,
5257,西丸侑太朗,
5258,仲本舜,
5259,野田昇吾,
5261,岡暢祐,
5262,鈴木章司,
5263,花田凱成,
5264,登みひ果,1
5265,大廣咲季,1
5266,石田勇斗,
5267,石本裕武,
5268,山本幸也,
5269,山口晃朋,
5270,小玉啓太,
5271,杉山太陽,
5272,松田真実,
5273,山下拓巳,
5274,城間盛渚,
5275,松田淳平,
5276,大島隆乃介,
5277,井上未都,
5278,田中駿兵,
5279,石渡翔一郎,
5280,廣瀬凜,
5281,井上遥妃,1
5282,中本大樹,
5283,植木美帆,1
5284,嘉手苅徹哉,
5285,若林麗,
5286,坂井滉哉,
5287,滝沢織寧,
5288,尾道佳諭,
5289,佃來紀,
5290,坂本一真,
5291,三嶌こころ,
5292,佐藤右京,1
5293,眞崎武蔵,
5294,豊田祥生,
5295,田上凜,1
5296,永田楽,1
5297,南彩寧,1
5298,水谷理人,
5299,西丸敦基,
5300,横田海人,
5301,岩下巧斗,
5302,秋末秦悟,
5303,土井歩夢,
5304,井田涼介,
5305,伊藤栞,1
5306,河内悠利杏,1
5307,富永夏哉人,
5308,藤森拓海,
5309,森雄利,
5310,土屋蘭,1
5311,小林京平,
5312,川辺郭人,
5313,鈴木唯央,
5314,中曽瑠華,1
5315,浅井翼,
5316,村松将平,
5317,長尾萌加,1
5318,河内一馬,
5319,近藤颯斗,
5320,岩崎麗子,1
5321,一色颯輝,
5322,根岸真優,1
5323,香川陽太,
5324,畑田希咲,1
5325,澁川夏,
5326,三嶌さらら,1
5327,西田和加,1
5328,井上慧人,
5329,金子龍斗,
5330,安河内鈴之介,
5331,佐藤永梧,
5332,村松遥輝,
5333,山下智己,
5334,樫葉新心,1
5335,森陽多,1
5336,瀬川大地,
5337,出畑孝成,
5338,香月大輝,
5339,石井伸長,
5340,樋江井舞,1
5341,山道諄也,
5342,原村百那,
5343,小林礼央,
5344,谷口丞,
5345,牧村俊輝,
5346,中村紋夕梨,1
5347,井澤聖奈,1
5348,小林甘寧,
5349,宮崎奏磨,
5350,網代良芽,
5351,齊藤廉,
5352,西岡蒼志,
5353,草川壮良,
5354,渡邊雄斗,
5355,萩原丈太朗,
5356,長谷川暖,
5357,田中瀬里奈,1
5358,増本杏珠,1
5359,佐藤世那,
5360,高木茉白,1
5361,植竹玲奈,1
5362,中嶋世奈,1
5363,山本凱立,
5364,金子怜央,
5365,石村日奈那,1
5366,塩嶋泰空,
5367,赤松咲香,1
5368,宮崎心之介,
5369,岡崎凪汰,
5370,日隈茜,1
5371,早川颯太,
5372,上岡巧汰,
5373,諏訪玲奈,1
5374,木山大聖,
5375,庄島潤成,
5376,吉田一心,
5377,鳥居塚嶺王,
5378,鈴木結平太,
5379,廣部大明,
5380,野田亜湖,1
5381,有山望,
5382,山下心一,
5383,中村楓,
5384,八戸琉楓,
5385,鈴木柊介,
5386,米玉利大悟,
5387,戸田海咲音,1
5388,佐野優都,
5389,恵良琴美,1
5390,高橋涼夏,1
5391,出穂和鼓,1
5392,安武一也,
5393,藤原駿,
5394,福西広太郎,
5395,日高龍之介,
5396,近藤来希,
5397,寺田夢生,1
5398,鐘ヶ江真司,
5399,長野未来,
5400,高村諒,
5401,谷海夏人,
5402,塚越陸斗,
5403,藤山湧太,
5404,内田壮,
5405,竹内来,
5406,小畑楓夏,1
5407,中岡駿,
5408,中山鷹輔,
5409,宮本琉正,
5410,今泉澪,1
5411,木下虎之輔,
5412,久保田凪紗,1
5413,宮城那菜,1
5414,中澤英里,1
5415,阿部未侑,1
5416,龍田真白,1
5417,小柳勝希,
5418,堀内亜海,1
5419,櫻井隼,
5420,吉原快誓,
5421,原田朱理,1
5422,真田聖也,
5423,高橋嗣穏,
5424,熊倉幹太,
5425,西山育,
5426,甲斐貴大,
5427,港理樹,
5428,古園井綾南,1
5429,吉川颯汰,
5430,鳥本智史,
5431,得山大輝,
5432,安藤瑠希,
5433,米本圭佑,
5434,藤田康生,
5435,中西月輝,1
5436,市川瑚幸,
5437,中澤里桜,
5438,星田夢結,1
5439,志賀美優,1
5440,薗頭心,
5441,鈴木雄登,
5442,池田美優,1
5443,西村仁吾,
5444,林風音,
